Name,Age,Email,Occupation
John Doe,30,johndoe@example.com,Software Engineer
Jane Smith,25,janesmith@example.com,Graphic Designer
Alice Johnson,35,alicejohnson@example.com,Data Scientist
Bob Brown,40,bobbrown@example.com,Project Manager
Charlie Davis,28,charliedavis@example.com,Web Developer
Diana Prince,32,dianaprince@example.com,Marketing Specialist
Evan Harris,45,evanharris@example.com,Sales Manager
Fiona Green,27,fionagreen@example.com,Content Writer
George King,50,georgeking@example.com,HR Manager
Hannah Lee,29,hannahlee@example.com,Customer Support Specialist
